,dataDate,2t,cdir,uvb,e,lai_lv,stl1,ssrdc,tp,fdir,vitoe
0,91,285.856567385,676096.0,86136.0,-0.00010196102084535,2.537811279275,285.38824463000003,843728.0,0.0,675808.0,2642576960.0
1,92,279.2918090825,697328.0,58000.0,-5.245406646375e-05,2.542510986325,280.7200469975,874320.0,1.1920928955e-07,152064.0,2620140992.0
2,93,280.3893127425,706704.0,55320.0,-5.9862621129325e-05,2.547119140625,280.8598937975,881120.0,0.0,197504.0,2620115648.0
3,94,279.02174377250003,707888.0,52196.0,-4.7684588934325e-05,2.551788330075,279.91079712,885728.0,2.5033950805e-06,89648.0,2616068224.0
4,95,276.4660644525,718240.0,53508.0,-0.000104832754003,2.556457519525,278.1913757325,899008.0,0.0002512931823715,227328.0,2552930752.0
5,96,274.663024905,739312.0,71060.0,-8.976727258275e-05,2.5611267089750003,276.4999694825,923056.0,0.0002185106277475,372272.0,2514386432.0
6,97,275.082733155,731424.0,68304.0,-7.492554141085001e-05,2.5657958984500002,276.2296752925,926064.0,0.0004316568374745,227808.0,2540163392.0
7,98,278.1236572275,764880.0,75110.0,-8.4687606432075e-05,2.5704650878999997,278.011169435,938112.0,0.0,384992.0,2580791552.0
8,99,281.97540283,766624.0,68180.0,-7.846497464955e-05,2.57513427735,280.47817993,939232.0,4.76837158205e-06,233200.0,2587193024.0
9,100,280.6942596425,716672.0,20578.0,-4.2079598643e-05,2.5798034668,280.4183654775,906880.0,0.0006173849105775,6688.0,2596548608.0
10,101,277.4702453625,758256.0,43906.0,-6.76565105106675e-05,2.5844116211,278.995773315,942896.0,4.01735305778e-05,41488.0,2578672832.0
11,102,275.99734497,796256.0,89898.0,-8.2110753283995e-05,2.58911132815,277.496307375,977168.0,0.00016939640045275,492768.0,2571540032.0
12,103,277.2716369625,817904.0,94194.0,-9.619374759483251e-05,2.59375,277.76638794,994976.0,5.2928924559499996e-05,567568.0,2584163200.0
13,104,277.81469726499995,824864.0,99046.0,-8.1912206951935e-05,2.598449707025,278.3333740225,1001968.0,2.1934509277300002e-05,591696.0,2579096192.0
14,105,277.8327026375,824368.0,88010.0,-8.7048567366225e-05,2.60266113285,278.67199707,1005008.0,2.920627594e-05,520608.0,2585966848.0
15,106,280.0449218775,821872.0,84598.0,-8.6485699282825e-05,2.60635375975,279.6945495625,1001216.0,0.0,469488.0,2604882688.0
16,107,281.07687378,827136.0,80520.0,-8.072727359765e-05,2.61010742185,280.7636718725,1006944.0,0.0,440560.0,2609475136.0
17,108,282.28112793,818720.0,76984.0,-7.50631443213e-05,2.6138610839750003,281.79585266000004,1002368.0,2.384185791e-07,383584.0,2609421824.0
18,109,281.04992676,792288.0,53244.0,-5.95352612446e-05,2.6176147461,281.257843015,987952.0,0.00013637542724625,151616.0,2609279616.0
19,110,284.0479125975,840224.0,82944.0,-7.77229433880625e-05,2.62133789065,282.6822509775,1022288.0,1.1920928955e-07,453152.0,2601611904.0
20,111,283.036865235,846704.0,100282.0,-0.000106690276880675,2.625061035175,282.839050295,1029696.0,1.1920928955e-07,657872.0,2597530816.0
21,112,280.067321775,868752.0,85276.0,-8.4874045569805e-05,2.628814697225,280.8177948,1055552.0,0.0,410112.0,2608461824.0
22,113,280.785339355,885904.0,99538.0,-9.06844506981425e-05,2.6325073242,281.4346160875,1073664.0,0.0,662224.0,2625487936.0
23,114,281.430755615,892064.0,104006.0,-9.9653203504125e-05,2.6363220214750003,281.8273925775,1078400.0,0.0,668256.0,2623179968.0
24,115,279.76849365249996,894736.0,91860.0,-8.4407627580825e-05,2.64001464845,280.8039550775,1086112.0,0.0,547168.0,2610598016.0
25,116,281.62625122000003,916176.0,111742.0,-0.0001108517171804,2.643768310575,281.806152345,1103424.0,0.0,907824.0,2590316352.0
26,117,282.75051879750004,903648.0,110316.0,-0.00011410290608185,2.647491455075,282.90966797,1090544.0,0.0,839952.0,2575154944.0
27,118,285.59536743,901008.0,100656.0,-0.00010997947538149,2.65124511715,285.1223144525,1087680.0,8.30888748176e-05,689792.0,2574568384.0
28,119,281.567718505,876704.0,79756.0,-7.8520970418025e-05,2.6549682617,282.9498901375,1079104.0,4.0292739868352504e-05,474576.0,2566988672.0
29,120,280.6545104975,870032.0,50732.0,-5.2100978792325e-05,2.6587524414,281.39057922250004,1079184.0,3.12328338625e-05,157568.0,2582845056.0
30,121,280.737579345,921024.0,83680.0,-8.4355997387975e-05,2.6624145508,281.6811065675,1117120.0,2.384185791025e-07,396720.0,2578941888.0
31,122,280.024749755,915504.0,96000.0,-8.97217541930875e-05,2.666229248075,281.48654175,1114384.0,0.00016093254089299998,555936.0,2578596672.0
32,123,282.6471862775,916768.0,80550.0,-0.00012203247751949999,2.669921875,281.953826905,1114384.0,0.000115633010865,311968.0,2596456768.0
33,124,282.9633178725,889312.0,69638.0,-0.00010829296661574999,2.6736755370750003,283.1460113525,1097472.0,9.04798507697525e-05,343776.0,2571875008.0
34,125,279.9979858375,906384.0,82216.0,-0.0001226221211255,2.677398681625,281.0650939925,1117488.0,0.000176191329955,439216.0,2545322304.0
35,126,280.7293090825,918928.0,75638.0,-9.514362318539999e-05,2.68115234375,281.674316405,1124976.0,9.512901306320001e-05,235712.0,2557717248.0
36,127,279.9307861325,935312.0,90210.0,-0.0001136781065706,2.6848754883,280.789978025,1142976.0,2.7656555175749998e-05,478624.0,2567338048.0
37,128,284.58734130749997,904784.0,63350.0,-6.43125385986e-05,2.6886596679999997,282.484680175,1109232.0,2.384185791025e-07,92560.0,2634879232.0
38,129,293.29159546,905552.0,113162.0,-0.0001562774996265,2.6923828125,289.67633056750003,1102832.0,8.583068847675e-06,684016.0,2652011264.0
39,130,291.3574523925,900880.0,77212.0,-0.00010987452697165,2.696075439425,290.34777832,1108544.0,6.28232955925e-05,342064.0,2647714816.0
40,131,286.9295959475,889952.0,71258.0,-9.2606933323075e-05,2.699859619125,287.206207275,1103728.0,0.0001926422119135,149328.0,2646228224.0
41,132,285.907440185,915968.0,104520.0,-0.00011286139488015,2.703582763675,287.2301940925,1129216.0,0.00010275840759225,537968.0,2624898496.0
42,133,285.9074096675,931664.0,91820.0,-0.00011512986384502499,2.7073364258,287.047058105,1138880.0,0.0001022815704357,590144.0,2613847424.0
43,134,284.9725341775,940832.0,91826.0,-9.3567301516975e-05,2.71105957035,286.01931762749996,1149632.0,2.0265579223852502e-05,365856.0,2602871616.0
44,135,284.0186157225,911120.0,63176.0,-9.826576570225e-05,2.7154541015499998,285.04336548,1133296.0,6.651878356825e-05,235680.0,2594982080.0
45,136,284.4721679675,937632.0,101472.0,-0.00012342841364425,2.7204284668,285.4007568375,1153920.0,4.06503677368e-05,520656.0,2587781760.0
46,137,284.597351075,894704.0,66040.0,-0.00012432044604695,2.725433349625,285.2536315925,1128656.0,0.0008070468902625001,273072.0,2599401536.0
47,138,284.37567138500003,921392.0,71664.0,-0.0001337219728174275,2.73046875,285.12078857250003,1149248.0,0.0003473758697525,375088.0,2609434176.0
48,139,284.25503540249997,930304.0,83204.0,-9.459885768365e-05,2.7354736327999998,284.7276000975,1154240.0,4.029273986855e-05,375536.0,2618369664.0
49,140,285.5758056625,950928.0,68350.0,-9.72448033275e-05,2.74044799805,285.3850708,1171040.0,2.8610229491025002e-06,136816.0,2632797952.0
50,141,286.6804046625,973872.0,98236.0,-0.0001457501202835,2.745422363275,286.3643188475,1188512.0,0.00011742115020674999,581280.0,2594621824.0
51,142,283.4800415025,917232.0,40516.0,-0.0001100149820547,2.750427246075,283.79156494250003,1150256.0,0.00047647953032755,43136.0,2597598464.0
52,143,285.1642608625,979712.0,88786.0,-0.00012412259820775,2.7554931640750002,285.02932739,1197504.0,8.106231689549998e-06,403216.0,2617747072.0
53,144,285.6094055175,946416.0,76484.0,-0.00013622408732925,2.7604675293,285.1177062975,1168336.0,0.0004416704177795,245392.0,2626667584.0
54,145,282.726898195,922640.0,47726.0,-0.000124506652354,2.765441894525,283.86743164,1161584.0,0.00058221817015625,188544.0,2608742976.0
55,146,283.9889526375,954576.0,70736.0,-0.0001371952239425,2.77044677735,284.76727295,1181536.0,0.00046300888062374997,265136.0,2615859072.0
56,147,284.1746826175,912048.0,51940.0,-8.174026152017501e-05,2.77545166015,284.6153564425,1153184.0,0.00028562545775275,227952.0,2650941376.0
57,148,285.6096191425,964688.0,108588.0,-0.00011680013267395,2.780456542975,285.8734436025,1189408.0,0.0,467984.0,2667091840.0
58,149,286.8230590825,975264.0,97636.0,-0.0001283396268248,2.785461425775,286.70584106499996,1197456.0,1.9073486328e-06,583664.0,2674658048.0
59,150,288.777313235,984288.0,125146.0,-0.000164630066135975,2.7904663086,288.3473815925,1202624.0,0.0,961792.0,2685114688.0
60,151,290.592681885,977760.0,109094.0,-0.000149802654051825,2.7954711914,289.6856994625,1196800.0,0.0,654320.0,2675161408.0
61,152,291.77243042,1004736.0,129294.0,-0.00018165982328275,2.800476074225,290.80776977749997,1221200.0,0.0,1005152.0,2662890752.0
62,153,293.91543579250003,993408.0,131408.0,-0.00018651131540665,2.80548095705,292.4666748025,1208016.0,0.0,1000880.0,2678787584.0
63,154,293.7933959975,916496.0,88844.0,-0.00010853743879145,2.81048583985,293.2573547375,1142912.0,0.0006237030029373,397344.0,2735659520.0
64,155,293.50756836,931040.0,95216.0,-0.00014175282558463698,2.81549072265,293.5212402325,1154192.0,0.00070655345916805,602512.0,2745003584.0
65,156,289.8582153325,881008.0,42918.0,-7.429893594095e-05,2.8204650879,290.89297485500003,1128352.0,9.417533874574999e-06,61360.0,2733543104.0
66,157,289.447540285,937120.0,65094.0,-9.11057577469325e-05,2.825439453125,289.8898315425,1172512.0,1.0728836059525e-06,155104.0,2709614400.0
67,158,290.1015624975,962896.0,87726.0,-0.00012986350338984999,2.830505371075,290.4468994125,1190368.0,3.09944152825e-06,425968.0,2702326080.0
68,159,291.686676025,962032.0,110466.0,-0.000149302126374525,2.835510253925,291.63735962,1186016.0,0.0,641248.0,2709252096.0
69,160,293.2552490225,958112.0,101864.0,-0.0001552797039057025,2.8404846191499997,292.45953369,1181840.0,8.58306884765e-06,652496.0,2715890304.0
70,161,293.86389160249996,965104.0,120214.0,-0.000179982685949285,2.84548950195,293.2236022925,1187040.0,0.0,929296.0,2716859776.0
71,162,293.96343994,941312.0,106414.0,-0.000136323680635625,2.8504638672000002,293.52279663,1169296.0,4.52995300295e-06,550432.0,2732912640.0
72,163,290.99563598500004,916656.0,59120.0,-7.8354845755125e-05,2.855499267575,291.3736572275,1156704.0,8.1062316895e-06,99904.0,2731285696.0
73,164,289.42047119250003,988352.0,125130.0,-0.0001484303502368,2.860504150375,290.917785645,1213968.0,0.0,928544.0,2724161472.0
74,165,294.3205261225,989152.0,130186.0,-0.000169191509483325,2.865478515625,293.5836181625,1209648.0,0.0,989312.0,2725049472.0
75,166,292.752593995,945376.0,97040.0,-0.000121824035887,2.8682861327999998,293.431365965,1174336.0,8.3446502685e-07,622944.0,2742080384.0
76,167,296.29046631,951664.0,115276.0,-0.000139978074004875,2.8687744140750002,295.4671630875,1175888.0,0.0,765136.0,2736793344.0
77,168,299.7723083525,952160.0,126890.0,-0.0001569747691983,2.86932373045,297.95056152250004,1172320.0,7.152557373e-07,873440.0,2748790720.0
78,169,298.86114502,931888.0,112764.0,-0.000147971673868,2.869812011725,297.743347165,1155584.0,2.0265579223499998e-06,589456.0,2756634688.0
79,170,295.94470214750004,947120.0,106804.0,-0.00014366244431425,2.870391845675,296.8058471675,1173120.0,0.0005329847335832,509152.0,2739637376.0
80,171,295.38421631,956624.0,103726.0,-0.0001694284146635,2.87091064455,295.523254395,1181744.0,0.0019446611404473001,631952.0,2718590976.0
81,172,288.7890625,888688.0,37852.0,-6.4292631578e-05,2.8713989257500003,290.89755249,1141584.0,0.00023174285888619999,17616.0,2709147328.0
82,173,287.3024444575,933712.0,49450.0,-0.00012014014646525,2.8719482422000002,288.55441284249997,1170032.0,0.00098395347595,89696.0,2711357376.0
83,174,287.854049685,909312.0,43360.0,-7.303169695625e-05,2.8724975586,288.40185547,1157056.0,1.323223114005e-05,27760.0,2715299328.0
84,175,290.0785217275,937744.0,79086.0,-0.000110060092992325,2.87298583985,290.2593078625,1174496.0,6.43730163575e-06,232992.0,2712968064.0
85,176,289.3548889175,955440.0,84548.0,-0.0001155723584809,2.87350463865,289.94464111499997,1184240.0,2.062320709225e-05,301200.0,2705905152.0
86,177,293.3045043975,979360.0,108126.0,-0.00016817403957230002,2.87408447265,292.82989502,1197184.0,0.0,734160.0,2709854848.0
87,178,293.5759582525,954640.0,108154.0,-0.000153783825226775,2.874572753925,293.315948485,1173024.0,6.38961792e-05,413168.0,2735423488.0
88,179,293.96279907,931152.0,75110.0,-0.0001338695874446425,2.8751220702999998,293.8832702625,1156752.0,0.00011980533599965,488128.0,2735675968.0
89,180,292.393600465,942240.0,81490.0,-0.00014749477850375,2.875579833975,292.9343566875,1170368.0,0.0005080699920675,318928.0,2716408768.0
90,181,287.6473388675,889792.0,29714.0,-7.34167406345e-05,2.87615966795,289.4380798325,1143184.0,0.00045061111449075,30416.0,2706970880.0
91,182,287.43972778250003,899440.0,35960.0,-7.719564018775e-05,2.8766479492499997,288.156158445,1145024.0,0.0001196861267075,16016.0,2718034688.0
92,183,290.370910645,964464.0,77860.0,-0.00011491111945394,2.8771972656,289.961120605,1188944.0,1.02519989013e-05,406288.0,2700584000.0
93,184,292.536193845,967424.0,106722.0,-0.0001498107449165025,2.87771606445,291.98059082,1179856.0,0.0003455877304075,522976.0,2725072448.0
94,185,290.417388915,947056.0,77242.0,-0.00013233005302125002,2.878234863275,292.238952635,1167984.0,0.0009799003600975,333952.0,2701395072.0
95,186,290.27734375,950800.0,79116.0,-0.0001333624823015,2.878753662125,290.523742675,1173408.0,9.08374786385e-05,207248.0,2708532992.0
96,187,291.7958068825,971632.0,80588.0,-0.000165893870870375,2.8793029785,291.5177307125,1182464.0,9.059906005864999e-05,291616.0,2692751488.0
97,188,291.64013672,975072.0,107354.0,-0.000156213645823,2.87982177735,291.5639648425,1186384.0,1.8954277038600002e-05,564992.0,2702508992.0
98,189,291.541625975,937520.0,59296.0,-9.0161222033025e-05,2.8803405762,291.56655883999997,1157488.0,0.0004262924194339,74064.0,2729931264.0
99,190,291.3822937,952384.0,84826.0,-0.0001381518086417,2.880889892575,292.12234497,1169696.0,1.3351440429750001e-05,543840.0,2717877760.0
100,191,291.1218566875,946400.0,73454.0,-9.2324160504725e-05,2.8814086914,291.5176696775,1159600.0,0.0003190040588375,149056.0,2724887744.0
101,192,291.02416992,918672.0,59612.0,-0.00010231463238535,2.8819274902250003,291.4499511725,1144208.0,7.62939453125e-06,132400.0,2728484032.0
102,193,292.85116576999997,952112.0,78710.0,-0.0001195883378407125,2.8824462891,292.55578613250003,1158064.0,6.2346458435e-05,385232.0,2730156608.0
103,194,292.183898925,866528.0,24544.0,-5.627289647325e-05,2.88299560545,291.9124755875,1104400.0,0.001196146011345,35616.0,2750702144.0
104,195,291.21496582,850656.0,21442.0,-6.784719880625e-05,2.883483886725,291.1471862775,1092048.0,0.001563668251025,4432.0,2764658816.0
105,196,291.17098999,861696.0,36964.0,-7.958017522425e-05,2.8822021484249998,291.1787414575,1100000.0,0.000278472900393,89072.0,2766802880.0
106,197,290.5195617675,910080.0,48544.0,-9.3071605077575e-05,2.87911987305,290.8514709475,1127472.0,1.78813934325e-06,96992.0,2772840512.0
107,198,293.2449493425,962160.0,119026.0,-0.000179105147252425,2.876037597675,293.02554321,1164864.0,0.0,823280.0,2761399872.0
108,199,293.983428955,958000.0,120160.0,-0.00018582044867907502,2.872955322275,293.8772583,1158800.0,0.0,900000.0,2750002432.0
109,200,291.145477295,936304.0,89118.0,-0.00013568112626885,2.86990356445,291.96951294,1144272.0,2.86102294925e-06,431744.0,2734744384.0
110,201,290.0939636225,978048.0,110524.0,-0.000171576743014125,2.866851806625,291.135406495,1179488.0,0.0,871648.0,2719664192.0
111,202,292.10913085749996,962416.0,109314.0,-0.0001575426431355,2.863739013675,291.84011841,1161072.0,0.0,581344.0,2735059648.0
112,203,292.329071045,938672.0,118844.0,-0.000165546021891225,2.860656738275,292.5049438475,1141712.0,3.3974647522000005e-05,729312.0,2735632640.0
113,204,291.5470275875,961696.0,129032.0,-0.00017788243712825,2.857543945325,292.2593078625,1157984.0,0.0,1000576.0,2715635456.0
114,205,291.14474487250004,933104.0,64820.0,-8.56631086210875e-05,2.854522705075,291.2138061525,1131584.0,7.71284103403e-05,130176.0,2720579072.0
115,206,293.4396057125,915920.0,100272.0,-0.00013970659347193,2.851409912125,293.26510620249996,1117424.0,7.772445678699999e-05,523312.0,2714490816.0
116,207,292.6011352525,906704.0,101860.0,-0.00015035580145125,2.848327636725,292.9769287125,1111808.0,0.00010752677917525,487664.0,2711046016.0
117,208,291.616241455,898784.0,66304.0,-0.00012725003762100001,2.845245361325,291.771240235,1105744.0,4.231929779025e-05,126704.0,2715491904.0
118,209,291.92678833,921616.0,100252.0,-0.00017898116493450002,2.8421936035249997,292.02941894749995,1121072.0,2.08616256715e-05,750416.0,2696288320.0
119,210,290.844467165,931152.0,94830.0,-0.000152693712152275,2.83908081055,290.9733581525,1127904.0,4.1961669922999995e-05,458752.0,2693970176.0
120,211,291.76522826999997,899440.0,79964.0,-0.00014250184176399998,2.83599853515,291.150878905,1098576.0,0.00010728836059644999,291712.0,2697336128.0
121,212,290.4865570075,899888.0,78358.0,-0.000115808332336625,2.83291625975,290.8652343725,1101280.0,5.793571472275e-05,351120.0,2678576000.0
122,213,289.178466795,874304.0,60396.0,-0.000111736706458175,2.829833984375,289.9743347175,1084688.0,0.00017905235290474998,164112.0,2680881536.0
123,214,289.0515136725,879952.0,59580.0,-0.00010647944873227499,2.8267517089750003,289.55444336,1089376.0,7.534027099525e-05,283840.0,2676404800.0
124,215,288.3287048325,875440.0,69312.0,-0.000130282482132,2.8236694336,288.8399658175,1079856.0,0.00011146068572975,512704.0,2682255488.0
125,216,289.66595458999996,886464.0,95308.0,-0.0001286265905944275,2.8206176758,290.3155059825,1084384.0,7.5459480286e-05,604144.0,2688436992.0
126,217,291.720733645,888160.0,90554.0,-0.000157858303282,2.8175354003999997,292.02096557749996,1081168.0,0.00047600269318835,631968.0,2684382912.0
127,218,291.61505127,862320.0,103676.0,-0.000155521265697,2.814483642575,291.5538330075,1062896.0,1.2278556823852499e-05,656496.0,2681548416.0
128,219,291.1465759275,879792.0,68942.0,-0.00013698730617675,2.811340332025,290.83157348500004,1071840.0,7.450580596950001e-05,234400.0,2666091712.0
129,220,289.8287353525,878016.0,99364.0,-0.00015408179024349998,2.808258056625,290.451171875,1071712.0,1.63316726685e-05,569648.0,2664726272.0
130,221,289.926101685,868768.0,89640.0,-0.0001563022960925575,2.80517578125,290.17678833,1061136.0,6.13927841187e-05,513904.0,2688531136.0
131,222,290.6458740225,852928.0,64170.0,-0.000125261372885525,2.8021545410249997,290.695892335,1046048.0,6.663799285825e-05,410352.0,2707877120.0
132,223,291.15408325,858912.0,97052.0,-0.00014748307876279748,2.79904174805,290.60455321999996,1048432.0,2.4914741516e-05,600896.0,2727749888.0
133,224,293.43014526499996,848368.0,95826.0,-0.000138736388179325,2.795959472675,292.5094299325,1033152.0,1.5377998352e-05,535712.0,2751080512.0
134,225,292.288238525,850704.0,80900.0,-0.0001463253283869575,2.792877197275,292.6101837175,1038656.0,4.29153442375e-06,464640.0,2747195648.0
135,226,291.553222655,836448.0,83854.0,-0.0001244645100084,2.78982543945,291.23365783500003,1023424.0,4.768371582e-07,499472.0,2736172928.0
136,227,293.92437744,842992.0,89866.0,-0.0001463700900785,2.787200927725,292.783843995,1024992.0,1.0967254638600001e-05,460704.0,2718060800.0
137,228,288.4966125475,782432.0,34852.0,-9.436969412474999e-05,2.78509521485,289.7813720675,985760.0,9.6797943116e-05,90848.0,2700844224.0
138,229,287.12258911000004,801664.0,45874.0,-7.690594065875e-05,2.7828979492,287.580566405,1000080.0,0.0001317262649516025,27088.0,2700108480.0
139,230,290.04156494,777680.0,44278.0,-8.5111183582e-05,2.780792236325,289.76197814750003,979136.0,5.674362182625e-05,71392.0,2721539904.0
140,231,290.4018554675,759872.0,51778.0,-7.4477284216e-05,2.7786560058500003,290.44584656,964288.0,2.9563903808749997e-05,76656.0,2715420032.0
141,232,290.872436525,770656.0,66074.0,-0.00010292680235570752,2.776519775375,290.72872924750004,966224.0,6.234645843499999e-05,303648.0,2715250368.0
142,233,292.84413147,776336.0,76022.0,-0.00012045912444675,2.774383544925,291.98561096000003,961936.0,0.00075352191924365,326432.0,2744170240.0
143,234,291.1477050775,752720.0,73614.0,-0.00012479309225385,2.77224731445,292.0732116725,948928.0,0.0002892017364507,424048.0,2714845632.0
144,235,290.6676788325,736576.0,50674.0,-9.556271834125e-05,2.7700805664,290.99809265,935680.0,3.314018249525e-05,138096.0,2725556736.0
145,236,289.9191589375,797056.0,97594.0,-0.000144118967000875,2.7679748535249997,290.071014405,979712.0,1.5377998352e-05,667216.0,2712613376.0
146,237,289.71696472,774928.0,100848.0,-0.00014419812941975,2.76580810545,290.01422119,954992.0,2.431869506825e-05,767776.0,2729774272.0
147,238,289.059783935,742480.0,53818.0,-0.000112375069874,2.763671875,289.45199585,935920.0,0.000110983848572,216352.0,2696206272.0
148,239,288.18350219499996,726304.0,65882.0,-9.6361618490875e-05,2.7615966797000002,288.63497924750004,919824.0,0.00015175342559875,254192.0,2691438016.0
149,240,289.3768920875,697264.0,56598.0,-0.0001012903521765,2.759429931625,289.4672546375,894624.0,0.00011301040649445,244448.0,2709111232.0
150,241,288.5670166025,659136.0,24282.0,-5.189317744325e-05,2.757293701175,288.5817871075,867456.0,0.0002964735031116,15984.0,2718391552.0
151,242,290.5105896025,687280.0,60822.0,-9.91958077065e-05,2.7551574707,290.1074523925,880096.0,7.02142715443e-05,303328.0,2709068160.0
152,243,289.89114379750004,707056.0,62500.0,-0.00010265345917925,2.75299072265,289.866622925,894832.0,1.6689300537175e-05,178336.0,2715695104.0
153,244,288.726013185,701040.0,47768.0,-7.580925012165e-05,2.750885009775,289.58453369,889664.0,1.1920928955e-07,121584.0,2726701248.0
154,245,289.8795776375,713744.0,90348.0,-0.0001191886840373,2.748718261725,289.86138916,893456.0,0.0,660176.0,2722181120.0
155,246,291.29650878999996,702608.0,92748.0,-0.00012420507846435,2.746612548825,290.7318267825,879456.0,0.0,696976.0,2710946560.0
156,247,289.412780765,676224.0,75786.0,-8.9552428109425e-05,2.744476318375,289.833099365,857744.0,0.0,364720.0,2702904448.0
157,248,290.9020385725,677776.0,90494.0,-0.00011110218474527501,2.742340087875,290.673828125,853888.0,2.384185791025e-07,647968.0,2708571648.0
158,249,290.876464845,683488.0,88832.0,-0.00011617329437344999,2.74017333985,290.73284912,857072.0,0.0,648624.0,2722965376.0
159,250,292.4368591325,645552.0,84916.0,-0.00011826591799030001,2.738067626975,291.5847778325,819360.0,0.0,610576.0,2759203200.0
160,251,293.613739015,651824.0,87198.0,-0.000130320899189875,2.7359313964750003,292.4474487275,823456.0,0.0,651568.0,2729637888.0
161,252,293.427200315,616144.0,61792.0,-8.149578934412501e-05,2.7337646484249998,292.30213928,790864.0,3.695487976e-06,333136.0,2734022784.0
162,253,292.73036194,601024.0,51812.0,-9.43407649164e-05,2.731628417975,292.82621765249996,778720.0,0.0003898143768239,165760.0,2727380672.0
163,254,291.3094635025,584928.0,48366.0,-9.69762913894e-05,2.729522705075,291.6965484625,769312.0,4.470348358155e-05,237216.0,2720746304.0
164,255,290.1697082525,605440.0,52774.0,-7.91430938979675e-05,2.727386474625,290.38418579250003,782064.0,2.145767211905e-06,352912.0,2705864256.0
165,256,288.635849,595216.0,60708.0,-6.6452310421e-05,2.7252502441499997,289.23394775500003,771136.0,0.0,153312.0,2704166592.0
166,257,291.41531372,577280.0,49628.0,-6.408774061217499e-05,2.723114013675,290.59440613,749072.0,9.8705291747e-05,132960.0,2723170048.0
167,258,291.49938964750004,528144.0,34216.0,-5.46845840299275e-05,2.71966552735,291.5212707525,712752.0,0.0009014606475936524,142704.0,2730597184.0
168,259,288.573028565,567712.0,67198.0,-9.433855302733725e-05,2.714874267575,288.961517335,742960.0,2.4795532226549998e-05,363664.0,2692495232.0
169,260,289.31336975,564064.0,55840.0,-7.203250424965e-05,2.7100830077999998,289.11291504,734272.0,6.19888305675e-06,310240.0,2698247040.0
170,261,289.256072995,558864.0,59398.0,-7.5093528721075e-05,2.70529174805,288.82156372,727824.0,1.1920928955e-07,292368.0,2693745600.0
171,262,288.486968995,550544.0,60968.0,-8.301628986445e-05,2.7005615234500002,288.5198669425,719200.0,0.0,345968.0,2678774400.0
172,263,286.5748596175,548176.0,53182.0,-7.96387321315e-05,2.695770263675,287.16470337,716928.0,1.1920928955e-07,237600.0,2677350464.0
173,264,286.4898071275,549168.0,62728.0,-7.238268153794999e-05,2.6910095215,286.76443481499996,712352.0,0.0,302720.0,2712911936.0
174,265,286.0174865725,549280.0,68844.0,-7.6546974015475e-05,2.6862182617,286.09906005749997,710928.0,0.0,471616.0,2711085824.0
175,266,288.47341919,518640.0,55128.0,-6.8967172410575e-05,2.68142700195,287.4387054425,681600.0,2.8610229493e-06,316240.0,2712219968.0
176,267,290.046447755,481136.0,34980.0,-4.664855077815e-05,2.676666259775,289.450164795,647296.0,2.86102294925e-06,65696.0,2724406336.0
177,268,290.1492309575,494496.0,58002.0,-7.22097465766e-05,2.671875,289.6556396475,652736.0,1.1920928955e-06,386624.0,2710816000.0
178,269,291.388397215,460896.0,47376.0,-6.45074178463e-05,2.667083740225,290.412719725,623616.0,1.43051147461025e-05,201344.0,2714990784.0
179,270,289.344329835,465760.0,27678.0,-5.2707851863275e-05,2.662353515625,289.46395874,623632.0,9.596347808935e-05,77984.0,2699403776.0
180,271,287.04168701000003,482224.0,51514.0,-7.546757114975e-05,2.6575317383,287.207977295,636816.0,6.6757202148525e-06,213456.0,2672033600.0
181,272,284.7348327625,452848.0,28042.0,-7.87865719765e-05,2.6527709961,285.9049682625,616272.0,0.000516891479497,87504.0,2632180992.0
182,273,284.74169922,469072.0,48818.0,-6.850500358374999e-05,2.6480102539,284.88836669750003,622608.0,0.0,198112.0,2661525824.0
183,274,287.140441895,456992.0,29622.0,-8.478219387975e-05,2.643218994125,286.5387573225,605312.0,0.0007123947143457,109584.0,2670584704.0
184,275,288.2311096175,449520.0,43566.0,-0.00015130243264,2.638427734375,287.73840332000003,599200.0,0.00013136863708375,95520.0,2653625792.0
185,276,288.2129821775,398416.0,16292.0,-7.244461448775e-05,2.633636474625,287.424865725,553408.0,0.0008122920989925,1680.0,2671169792.0
186,277,286.63583374,443600.0,47802.0,-7.889838889175e-05,2.62890625,286.45874023249996,588128.0,0.0,268944.0,2643088256.0
187,278,285.88354491999996,402928.0,26920.0,-7.90446065385e-05,2.624114990225,285.863983155,552848.0,0.00041186809540285,153520.0,2633886208.0
188,279,284.56051636,392240.0,29178.0,-6.421736907304999e-05,2.619323730475,284.9237365725,544736.0,0.00023496150970569999,48608.0,2641643392.0
189,280,284.6676330575,398544.0,32236.0,-3.7363322916755e-05,2.6145629883,285.0080261225,547024.0,1.1920928955e-07,97328.0,2689860096.0
190,281,284.13897705,403552.0,50676.0,-5.1207374782224995e-05,2.6097412109249998,283.629241945,544560.0,0.0,314752.0,2702962496.0
191,282,284.24191284,406464.0,52616.0,-5.4345873649275e-05,2.605010986325,284.38708496,545264.0,0.0,407648.0,2684658048.0
192,283,283.13587951750003,396864.0,50568.0,-4.786055069325e-05,2.6002197265499998,283.21463013000005,534208.0,1.78813934325e-05,355040.0,2670974208.0
193,284,285.04699707,368384.0,35314.0,-5.2475952543625e-05,2.5954284668,284.7791748025,506848.0,0.0002049207687382,107968.0,2670030592.0
194,285,283.0883483875,348496.0,30356.0,-5.65892551092375e-05,2.5906677246000003,283.6800842275,490256.0,0.0001118183135981025,150480.0,2633720384.0
195,286,282.7975463875,349168.0,21380.0,-3.75449308195e-05,2.585876464825,282.6235351575,486432.0,7.62939453125e-06,22000.0,2654989056.0
196,287,285.380065915,328944.0,22184.0,-3.226340049875e-05,2.581085205075,284.7257080075,467184.0,7.152557373e-07,21200.0,2669716032.0
197,288,283.79321289,328016.0,22860.0,-3.4869415685367497e-05,2.5784301757500003,284.08706665,463216.0,5.543231964095e-05,87456.0,2642872256.0
198,289,280.97921753,342144.0,31748.0,-2.76659848168775e-05,2.5778198242499997,281.076812745,472960.0,0.0,64768.0,2635346944.0
199,290,282.16937255749997,330640.0,34462.0,-3.4480006434025e-05,2.577178955075,281.9978332525,456384.0,0.0,91600.0,2656036288.0
200,291,284.755004885,324816.0,29794.0,-3.779912367475e-05,2.576599121075,283.51910400500003,447856.0,9.2983245849e-05,40656.0,2689211584.0
201,292,289.0096740725,275600.0,15714.0,-4.1941821109500004e-05,2.57598876955,286.493988035,404544.0,3.9219856261400005e-05,43168.0,2720156352.0
202,293,289.502716065,279888.0,18160.0,-0.00011746154632425,2.575378417975,288.02191161999997,403520.0,0.00031864643097125,41184.0,2662986048.0
203,294,283.2405700675,295536.0,31986.0,-7.541704690225e-05,2.5747680664,284.59680176,417968.0,6.330013275255e-05,125856.0,2572258624.0
204,295,281.34500122,284016.0,26440.0,-3.9853446651225004e-05,2.57415771485,281.8516845725,406320.0,4.1127204895499995e-05,161584.0,2603195136.0
205,296,281.80917358249997,282000.0,27826.0,-3.54532385246075e-05,2.5735778808500003,281.9624023425,401696.0,0.0,161584.0,2641514304.0
206,297,281.63081359750004,290720.0,37614.0,-3.7296907976475e-05,2.572998046875,281.16217041,406176.0,0.0,290736.0,2640455232.0
207,298,283.5132141125,251360.0,18752.0,-2.363004023195e-05,2.57232666015,282.324005125,367968.0,3.33786010732e-05,76400.0,2634949696.0
208,299,285.33956909,252080.0,28004.0,-3.7504301872275e-05,2.571746826175,284.375305175,365968.0,0.0,136864.0,2648194432.0
209,300,286.17660522250003,237376.0,24484.0,-2.6934023480958e-05,2.5711669922000002,285.5651245125,350432.0,0.0,100064.0,2674772928.0
210,301,284.7825622575,249696.0,32172.0,-3.92243964598e-05,2.5705566406,283.7003173825,357888.0,0.0,226480.0,2645478272.0
211,302,287.02008056750003,234128.0,30446.0,-6.49747671555e-05,2.5699157715,285.3143615725,340240.0,0.0005295276641953,161264.0,2625238784.0
212,303,286.2567138675,220336.0,23010.0,-6.8143999669675e-05,2.5693359375,285.355133055,326016.0,1.1205673217849999e-05,64368.0,2617309184.0
213,304,285.40626526,217024.0,20220.0,-5.0824135542e-05,2.5687561035,284.7882995625,321312.0,0.00036382675171,75216.0,2611689152.0
214,305,283.46908569,220704.0,24804.0,-4.68837679362e-05,2.5681152344,283.68997192250004,324016.0,6.77108764657e-05,166944.0,2560288576.0
215,306,280.28479004,202960.0,17758.0,-2.7435016818275e-05,2.5675048827999998,281.53619384499996,307296.0,0.0002168416976925,26016.0,2545411648.0
216,307,278.2452392575,198496.0,13446.0,-1.7050653695925e-05,2.566925048825,279.3879394525,301200.0,0.000158071517945125,256.0,2545725376.0
217,308,279.4108886725,188112.0,19066.0,-1.7581623978975e-05,2.56634521485,280.312194825,290528.0,2.77757644644e-05,48720.0,2561486208.0
218,309,280.7000732425,188976.0,19448.0,-2.1975196432475e-05,2.565673828125,280.84967041,288096.0,4.1723251343e-06,101056.0,2611136576.0
219,310,281.07147217,177328.0,19588.0,-3.34916985595e-05,2.5650939941499997,280.8721008275,273552.0,2.50339508055e-06,46928.0,2653706752.0
220,311,282.495880125,175600.0,16116.0,-4.057225305599e-05,2.56451416015,282.3966369625,271136.0,0.00010395050048930001,79920.0,2622670400.0
221,312,280.5319213875,169680.0,19852.0,-1.6580219380624998e-05,2.5639038086,280.9298400875,263296.0,3.5762786865250003e-07,82352.0,2643342848.0
222,313,279.8116149875,167024.0,24430.0,-1.5869736671525e-05,2.563293457025,279.8226623525,256672.0,0.0,147200.0,2675224768.0
223,314,277.62310791000004,169312.0,23404.0,-9.357172530125e-06,2.56268310545,277.884002685,258272.0,0.0,137136.0,2653635200.0
224,315,277.76306152,158016.0,20364.0,-6.3407933336950005e-06,2.562072753925,277.88952636500005,246256.0,2.384185791025e-07,92768.0,2653735232.0
225,316,278.84008789,156960.0,19316.0,-2.65974085776e-05,2.561492919925,278.43737793,242896.0,0.0002012252807627525,61824.0,2634082816.0
226,317,282.97665405,131680.0,9262.0,-5.6247226893e-06,2.5608520507500003,281.63497925,219456.0,3.492832183855e-05,30000.0,2619951872.0
227,318,281.80569458,133280.0,10240.0,-1.4315301086835e-05,2.5602416992499997,281.7577209475,218928.0,2.384185791e-07,9872.0,2635511616.0
228,319,279.5833129875,132032.0,11990.0,-1.5874044038525e-05,2.5599365234,280.0784606925,215568.0,8.3446502685e-07,15184.0,2638654336.0
229,320,278.3938903825,125600.0,7210.0,-1.3002427294975e-05,2.5599365234,279.0822143525,207536.0,6.79492950445e-06,5360.0,2627561344.0
230,321,279.88647460749996,119952.0,8452.0,-5.9173908084049995e-06,2.5599365234,279.4521484375,200176.0,2.384185791025e-07,19616.0,2623588480.0
231,322,280.98992919750003,118144.0,17688.0,-2.15073814615e-05,2.5599365234,280.36203003,194496.0,3.5762786865250003e-07,71232.0,2674870848.0
232,323,283.78436279,110080.0,6648.0,-1.064955722549e-05,2.5599365234,282.8023986825,187824.0,1.120567321775e-05,10000.0,2684642368.0
233,324,282.285064695,108304.0,8292.0,-1.3140204828225e-05,2.5599365234,282.372924805,183456.0,9.89437103265e-06,11696.0,2656691520.0
234,325,279.822906495,105408.0,6786.0,-1.544604310755e-05,2.5599365234,280.4141845675,179744.0,6.72340393062025e-05,16976.0,2591395712.0
235,326,277.183898925,113280.0,16126.0,-1.66412792168125e-05,2.5599365234,277.71685791,186128.0,0.0,99440.0,2593629888.0
236,327,276.9613647475,96928.0,5642.0,-4.68583311885e-06,2.5599365234,276.810180665,169712.0,1.07288360594e-05,9376.0,2628331648.0
237,328,278.65609741000003,98896.0,7026.0,-4.5619090086375e-06,2.5599365234,279.276916505,170000.0,2.62260437005e-06,22272.0,2597570240.0
238,329,275.5552063,93472.0,5630.0,-8.529168554774995e-07,2.5599365234,276.173339845,163104.0,1.20401382446e-05,848.0,2554316224.0
239,330,276.741485595,90832.0,9146.0,-3.8479571230875e-05,2.5599365234,277.295776365,159296.0,0.00038766860961825,6192.0,2500240256.0
240,331,275.6700439425,94992.0,10944.0,-1.4126242604050002e-05,2.5599365234,277.00366211000005,161440.0,1.895427703855e-05,27488.0,2462143744.0
241,332,275.3884277375,84192.0,8554.0,-1.2997770682149999e-05,2.5599365234,276.4340209975,150544.0,2.8610229492249997e-05,10272.0,2478775552.0
242,333,275.6306457525,84736.0,10838.0,-3.645091783225e-05,2.5599365234,275.676086425,149264.0,0.00024735927581899997,41648.0,2518661248.0
243,334,280.23236084,93546.66666666667,2178.6666666666665,-2.0263173307e-05,2.5599365234,278.6649780275,177920.0,0.0007133483886833334,0.0,2587815232.0
